file_path,mean_normalized_ndvi,median_normalized_ndvi,std_dev_normalized_ndvi,max_normalized_ndvi,min_normalized_ndvi
ndvi_images/sa1208.tif,0.21058077088813001,0.26530612244897966,0.46320515827148007,1.0,-1.0
ndvi_images/sa1209.tif,0.22023561539416042,0.26530612244897966,0.45855438125933573,1.0,-1.0
ndvi_images/sa1207.tif,0.19985963167473905,0.24489795918367352,0.46750318272124486,1.0,-1.0
ndvi_images/sa1210.tif,0.2281675674039788,0.2857142857142858,0.4529165945212805,1.0,-1.0
